{
  "divisions": [
    {
      "name": "বরিশাল",
      "districts": [
        {
          "name": "বরগুনা",
          "upazilas": [
            "আমতলী",
            "বামনা",
            "বরগুনা সদর",
            "বেতাগী",
            "পাথরঘাটা",
            "তালতলী"
          ]
        },
        {
          "name": "বরিশাল",
          "upazilas": [
            "আগৈলঝাড়া",
            "বাবুগঞ্জ",
            "বাকেরগঞ্জ",
            "বানারীপাড়া",
            "গৌরনদী",
            "হিজলা",
            "বরিশাল সদর",
            "মেহেন্দিগঞ্জ",
            "মুলাদী",
            "উজিরপুর"
          ]
        },
        {
          "name": "ভোলা",
          "upazilas": [
            "ভোলা সদর",
            "বোরহানউদ্দিন",
            "চরফ্যাশন",
            "দৌলতখান",
            "লালমোহন",
            "মনপুরা",
            "তজুমদ্দিন"
          ]
        },
        {
          "name": "ঝালকাঠি",
          "upazilas": [
            "ঝালকাঠি সদর",
            "কাঁঠালিয়া",
            "নলছিটি",
            "রাজাপুর"
          ]
        },
        {
          "name": "পটুয়াখালী",
          "upazilas": [
            "বাউফল",
            "দশমিনা",
            "গলাচিপা",
            "কলাপাড়া",
            "মির্জাগঞ্জ",
            "পটুয়াখালী সদর",
            "রাঙ্গাবালী",
            "দুমকি"
          ]
        },
        {
          "name": "পিরোজপুর",
          "upazilas": [
            "ভান্ডারিয়া",
            "কাউখালী",
            "মঠবাড়িয়া",
            "নাজিরপুর",
            "পিরোজপুর সদর",
            "নেছারাবাদ",
            "ইন্দুরকানী"
          ]
        }
      ]
    },
    {
      "name": "চট্টগ্রাম",
      "districts": [
        {
          "name": "বান্দরবান",
          "upazilas": [
            "আলীকদম",
            "বান্দরবান সদর",
            "লামা",
            "নাইক্ষ্যংছড়ি",
            "রোয়াংছড়ি",
            "রুমা",
            "থানচি"
          ]
        },
        {
          "name": "ব্রাহ্মণবাড়িয়া",
          "upazilas": [
            "আখাউড়া",
            "বাঞ্ছারামপুর",
            "ব্রাহ্মণবাড়িয়া সদর",
            "কসবা",
            "নবীনগর",
            "নাসিরনগর",
            "সরাইল",
            "আশুগঞ্জ",
            "বিজয়নগর"
          ]
        },
        {
          "name": "চাঁদপুর",
          "upazilas": [
            "চাঁদপুর সদর",
            "ফরিদগঞ্জ",
            "হাইমচর",
            "হাজীগঞ্জ",
            "কচুয়া",
            "মতলব দক্ষিণ",
            "মতলব উত্তর",
            "শাহরাস্তি"
          ]
        },
        {
          "name": "চট্টগ্রাম",
          "upazilas": [
            "আনোয়ারা",
            "বাঁশখালী",
            "বোয়ালখালী",
            "চন্দনাইশ",
            "ফটিকছড়ি",
            "হাটহাজারী",
            "কর্ণফুলী",
            "লোহাগড়া",
            "মীরসরাই",
            "পটিয়া",
            "রাঙ্গুনিয়া",
            "রাউজান",
            "সন্দ্বীপ",
            "সাতকানিয়া",
            "সীতাকুণ্ড"
          ]
        },
        {
          "name": "কক্সবাজার",
          "upazilas": [
            "চকরিয়া",
            "কক্সবাজার সদর",
            "কুতুবদিয়া",
            "মহেশখালী",
            "রামু",
            "টেকনাফ",
            "উখিয়া",
            "পেকুয়া"
          ]
        },
        {
          "name": "কুমিল্লা",
          "upazilas": [
            "বরুড়া",
            "ব্রাহ্মণপাড়া",
            "বুড়িচং",
            "চান্দিনা",
            "চৌদ্দগ্রাম",
            "দাউদকান্দি",
            "দেবিদ্বার",
            "হোমনা",
            "লাকসাম",
            "লালমাই",
            "মেঘনা",
            "মনোহরগঞ্জ",
            "মুরাদনগর",
            "নাঙ্গলকোট",
            "কুমিল্লা আদর্শ সদর",
            "সদর দক্ষিণ",
            "তিতাস"
          ]
        },
        {
          "name": "ফেনী",
          "upazilas": [
            "ছাগলনাইয়া",
            "দাগনভূঞা",
            "ফেনী সদর",
            "পরশুরাম",
            "সোনাগাজী",
            "ফুলগাজী"
          ]
        },
        {
          "name": "খাগড়াছড়ি",
          "upazilas": [
            "দীঘিনালা",
            "খাগড়াছড়ি",
            "লক্ষ্মীছড়ি",
            "মহালছড়ি",
            "মানিকছড়ি",
            "মাটিরাঙ্গা",
            "পানছড়ি",
            "রামগড়"
          ]
        },
        {
          "name": "লক্ষ্মীপুর",
          "upazilas": [
            "কমলনগর",
            "লক্ষ্মীপুর সদর",
            "রায়পুর",
            "রামগঞ্জ",
            "রামগতি"
          ]
        },
        {
          "name": "নোয়াখালী",
          "upazilas": [
            "বেগমগঞ্জ",
            "চাটখিল",
            "কোম্পানীগঞ্জ",
            "হাতিয়া",
            "কবিরহাট",
            "নোয়াখালী সদর",
            "সেনবাগ",
            "সুবর্ণচর",
            "সোনাইমুড়ী"
          ]
        },
        {
          "name": "রাঙ্গামাটি",
          "upazilas": [
            "বাঘাইছড়ি",
            "বরকল",
            "কাউখালী",
            "বিলাইছড়ি",
            "কাপ্তাই",
            "জুরাছড়ি",
            "লংগদু",
            "নানিয়ারচর",
            "রাজস্থলী",
            "রাঙ্গামাটি সদর"
          ]
        }
      ]
    },
    {
      "name": "ঢাকা",
      "districts": [
        {
          "name": "ঢাকা",
          "upazilas": [
            "ধামরাই",
            "দোহার",
            "কেরানীগঞ্জ",
            "নবাবগঞ্জ",
            "সাভার",
            "গুলশান",
            "বনানী",
            "মহাখালী",
            "তেজগাঁও শিল্পাঞ্চল",
            "তেজগাঁও",
            "মোহাম্মদপুর",
            "আদাবর",
            "শেরেবাংলা নগর",
            "মিরপুর",
            "পল্লবী",
            "কাফরুল",
            "ভাষানটেক",
            "রূপনগর",
            "শাহ আলী",
            "তুরাগ",
            "বিমানবন্দর",
            "খিলক্ষেত",
            "উত্তরা পূর্ব",
            "উত্তরা পশ্চিম",
            "উত্তরখান",
            "দক্ষিণখান",
            "বাড্ডা",
            "ভাটারা",
            "রামপুরা",
            "রমনা",
            "মতিঝিল",
            "পল্টন",
            "শাহবাগ",
            "ধানমন্ডি",
            "কলাবাগান",
            "নিউ মার্কেট",
            "লালবাগ",
            "চকবাজার",
            "কোতোয়ালী",
            "বংশাল",
            "সূত্রাপুর",
            "ওয়ারী",
            "গেন্ডারিয়া",
            "শ্যামপুর",
            "যাত্রাবাড়ী",
            "ডেমরা",
            "কদমতলী",
            "খিলগাঁও",
            "সবুজবাগ",
            "মুগদা",
            "কামরাঙ্গীরচর",
            "হাজারীবাগ"
              ]
        },
        {
          "name": "ফরিদপুর",
          "upazilas": [
            "আলফাডাঙ্গা",
            "ভাঙ্গা",
            "বোয়ালমারী",
            "চরভদ্রাসন",
            "ফরিদপুর সদর",
            "মধুখালী",
            "নগরকান্দা",
            "সদরপুর",
            "সালথা"
          ]
        },
        {
          "name": "গাজীপুর",
          "upazilas": [
            "গাজীপুর সদর",
            "কালিয়াকৈর",
            "কালীগঞ্জ",
            "কাপাসিয়া",
            "শ্রীপুর"
          ]
        },
        {
          "name": "গোপালগঞ্জ",
          "upazilas": [
            "গোপালগঞ্জ সদর",
            "কাশিয়ানী",
            "কোটালীপাড়া",
            "মুকসুদপুর",
            "টুঙ্গিপাড়া"
          ]
        },
        {
          "name": "কিশোরগঞ্জ",
          "upazilas": [
            "অষ্টগ্রাম",
            "বাজিতপুর",
            "ভৈরব",
            "হোসেনপুর",
            "ইটনা",
            "করিমগঞ্জ",
            "কটিয়াদী",
            "কিশোরগঞ্জ সদর",
            "কুলিয়ারচর",
            "মিঠামইন",
            "নিকলী",
            "পাকুন্দিয়া",
            "তাড়াইল"
          ]
        },
        {
          "name": "মাদারীপুর",
          "upazilas": [
            "ডাসার",
            "কালকিনি",
            "মাদারীপুর সদর",
            "রাজৈর",
            "শিবচর"
          ]
        },
        {
          "name": "মানিকগঞ্জ",
          "upazilas": [
            "দৌলতপুর",
            "ঘিওর",
            "হরিরামপুর",
            "মানিকগঞ্জ সদর",
            "সাটুরিয়া",
            "শিবালয়",
            "সিংগাইর"
          ]
        },
        {
          "name": "মুন্সিগঞ্জ",
          "upazilas": [
            "গজারিয়া",
            "লৌহজং",
            "মুন্সিগঞ্জ সদর",
            "সিরাজদিখান",
            "শ্রীনগর",
            "টংগিবাড়ী"
          ]
        },
        {
          "name": "নারায়ণগঞ্জ",
          "upazilas": [
            "আড়াইহাজার",
            "বন্দর",
            "নারায়ণগঞ্জ সদর",
            "রূপগঞ্জ",
            "সোনারগাঁও"
          ]
        },
        {
          "name": "নরসিংদী",
          "upazilas": [
            "বেলাবো",
            "মনোহরদী",
            "নরসিংদী সদর",
            "পলাশ",
            "রায়পুরা",
            "শিবপুর"
          ]
        },
        {
          "name": "রাজবাড়ী",
          "upazilas": [
            "বালিয়াকান্দি",
            "গোয়ালন্দ",
            "পাংশা",
            "রাজবাড়ী সদর",
            "কালুখালী"
          ]
        },
        {
          "name": "শরীয়তপুর",
          "upazilas": [
            "ভেদরগঞ্জ",
            "ডামুড্যা",
            "গোসাইরহাট",
            "নড়িয়া",
            "শরীয়তপুর সদর",
            "জাজিরা"
          ]
        },
        {
          "name": "টাঙ্গাইল",
          "upazilas": [
            "বাসাইল",
            "ভূঞাপুর",
            "দেলদুয়ার",
            "ধনবাড়ী",
            "ঘাটাইল",
            "গোপালপুর",
            "কালিহাতী",
            "মধুপুর",
            "মির্জাপুর",
            "নাগরপুর",
            "সখিপুর",
            "টাঙ্গাইল সদর"
          ]
        }
      ]
    },
    {
      "name": "খুলনা",
      "districts": [
        {
          "name": "বাগেরহাট",
          "upazilas": [
            "বাগেরহাট সদর",
            "চিতলমারী",
            "ফকিরহাট",
            "কচুয়া",
            "মোল্লাহাট",
            "মোংলা",
            "মোড়েলগঞ্জ",
            "রামপাল",
            "শরণখোলা"
          ]
        },
        {
          "name": "চুয়াডাঙ্গা",
          "upazilas": [
            "আলমডাঙ্গা",
            "চুয়াডাঙ্গা সদর",
            "দামুড়হুদা",
            "জীবননগর"
          ]
        },
        {
          "name": "যশোর",
          "upazilas": [
            "অভয়নগর",
            "বাঘারপাড়া",
            "চৌগাছা",
            "ঝিকরগাছা",
            "কেশবপুর",
            "যশোর সদর",
            "মণিরামপুর",
            "শার্শা"
          ]
        },
        {
          "name": "ঝিনাইদহ",
          "upazilas": [
            "হরিণাকুন্ডু",
            "ঝিনাইদহ সদর",
            "কালীগঞ্জ",
            "কোটচাঁদপুর",
            "মহেশপুর",
            "শৈলকুপা"
          ]
        },
        {
          "name": "খুলনা",
          "upazilas": [
            "বটিয়াঘাটা",
            "দাকোপ",
            "দিঘলিয়া",
            "ডুমুরিয়া",
            "কয়রা",
            "পাইকগাছা",
            "ফুলতলা",
            "রূপসা",
            "তেরখাদা"
          ]
        },
        {
          "name": "কুষ্টিয়া",
          "upazilas": [
            "ভেড়ামারা",
            "দৌলতপুর",
            "খোকসা",
            "কুমারখালী",
            "কুষ্টিয়া সদর",
            "মিরপুর"
          ]
        },
        {
          "name": "মাগুরা",
          "upazilas": [
            "মাগুরা সদর",
            "মহম্মদপুর",
            "শালিখা",
            "শ্রীপুর"
          ]
        },
        {
          "name": "মেহেরপুর",
          "upazilas": [
            "গাংনী",
            "মেহেরপুর সদর",
            "মুজিবনগর"
          ]
        },
        {
          "name": "নড়াইল",
          "upazilas": [
            "কালিয়া",
            "লোহাগড়া",
            "নড়াইল সদর"
          ]
        },
        {
          "name": "সাতক্ষীরা",
          "upazilas": [
            "আশাশুনি",
            "দেবহাটা",
            "কলারোয়া",
            "কালীগঞ্জ",
            "সাতক্ষীরা সদর",
            "শ্যামনগর",
            "তালা"
          ]
        }
      ]
    },
    {
      "name": "ময়মনসিংহ",
      "districts": [
        {
          "name": "জামালপুর",
          "upazilas": [
            "বকশীগঞ্জ",
            "দেওয়ানগঞ্জ",
            "ইসলামপুর",
            "জামালপুর সদর",
            "মাদারগঞ্জ",
            "মেলান্দহ",
            "সরিষাবাড়ী"
          ]
        },
        {
          "name": "ময়মনসিংহ",
          "upazilas": [
            "ভালুকা",
            "ধোবাউড়া",
            "ফুলবাড়ীয়া",
            "গফরগাঁও",
            "গৌরীপুর",
            "হালুয়াঘাট",
            "ঈশ্বরগঞ্জ",
            "ময়মনসিংহ সদর",
            "মুক্তাগাছা",
            "নান্দাইল",
            "ফুলপুর",
            "ত্রিশাল",
            "তারাকান্দা"
          ]
        },
        {
          "name": "নেত্রকোনা",
          "upazilas": [
            "আটপাড়া",
            "বারহাট্টা",
            "দুর্গাপুর",
            "খালিয়াজুরী",
            "কলমাকান্দা",
            "কেন্দুয়া",
            "মদন",
            "মোহনগঞ্জ",
            "নেত্রকোনা সদর",
            "পূর্বধলা"
          ]
        },
        {
          "name": "শেরপুর",
          "upazilas": [
            "ঝিনাইগাতী",
            "নকলা",
            "নালিতাবাড়ী",
            "শেরপুর সদর",
            "শ্রীবরদী"
          ]
        }
      ]
    },
    {
      "name": "রাজশাহী",
      "districts": [
        {
          "name": "বগুড়া",
          "upazilas": [
            "আদমদীঘি",
            "বগুড়া সদর",
            "ধুনট",
            "দুপচাঁচিয়া",
            "গাবতলী",
            "কাহালু",
            "নন্দীগ্রাম",
            "সারিয়াকান্দি",
            "শাজাহানপুর",
            "শেরপুর",
            "শিবগঞ্জ",
            "সোনাতলা"
          ]
        },
        {
          "name": "জয়পুরহাট",
          "upazilas": [
            "আক্কেলপুর",
            "জয়পুরহাট সদর",
            "কালাই",
            "ক্ষেতলাল",
            "পাঁচবিবি"
          ]
        },
        {
          "name": "নওগাঁ",
          "upazilas": [
            "আত্রাই",
            "বদলগাছী",
            "মান্দা",
            "ধামইরহাট",
            "মহাদেবপুর",
            "নওগাঁ সদর",
            "নিয়ামতপুর",
            "পত্নীতলা",
            "পোরশা",
            "রাণীনগর",
            "সাপাহার"
          ]
        },
        {
          "name": "নাটোর",
          "upazilas": [
            "বাগাতিপাড়া",
            "বড়াইগ্রাম",
            "গুরুদাসপুর",
            "লালপুর",
            "নাটোর সদর",
            "সিংড়া",
            "নলডাঙ্গা"
          ]
        },
        {
          "name": "চাঁপাইনবাবগঞ্জ",
          "upazilas": [
            "ভোলাহাট",
            "গোমস্তাপুর",
            "নাচোল",
            "চাঁপাইনবাবগঞ্জ সদর",
            "শিবগঞ্জ"
          ]
        },
        {
          "name": "পাবনা",
          "upazilas": [
            "আটঘরিয়া",
            "বেড়া",
            "ভাঙ্গুড়া",
            "চাটমোহর",
            "ফরিদপুর",
            "ঈশ্বরদী",
            "পাবনা সদর",
            "সাঁথিয়া",
            "সুজানগর"
          ]
        },
        {
          "name": "রাজশাহী",
          "upazilas": [
            "বাঘা",
            "বাগমারা",
            "চারঘাট",
            "দুর্গাপুর",
            "গোদাগাড়ী",
            "মোহনপুর",
            "পবা",
            "পুঠিয়া",
            "তানোর"
          ]
        },
        {
          "name": "সিরাজগঞ্জ",
          "upazilas": [
            "বেলকুচি",
            "চৌহালি",
            "কামারখন্দ",
            "কাজীপুর",
            "রায়গঞ্জ",
            "শাহজাদপুর",
            "সিরাজগঞ্জ সদর",
            "তাড়াশ",
            "উল্লাপাড়া"
          ]
        }
      ]
    },
    {
      "name": "রংপুর",
      "districts": [
        {
          "name": "দিনাজপুর",
          "upazilas": [
            "বিরামপুর",
            "বীরগঞ্জ",
            "বোচাগঞ্জ",
            "চিরিরবন্দর",
            "ফুলবাড়ী",
            "ঘোড়াঘাট",
            "হাকিমপুর",
            "কাহারোল",
            "খানসামা",
            "দিনাজপুর সদর",
            "নবাবগঞ্জ",
            "পার্বতীপুর",
            "বিরল"
          ]
        },
        {
          "name": "গাইবান্ধা",
          "upazilas": [
            "ফুলছড়ি",
            "গাইবান্ধা সদর",
            "গোবিন্দগঞ্জ",
            "পলাশবাড়ী",
            "সাদুল্লাপুর",
            "সাঘাটা",
            "সুন্দরগঞ্জ"
          ]
        },
        {
          "name": "কুড়িগ্রাম",
          "upazilas": [
            "ভূরুঙ্গামারী",
            "চর রাজিবপুর",
            "চিলমারী",
            "ফুলবাড়ী",
            "কুড়িগ্রাম সদর",
            "নাগেশ্বরী",
            "রাজারহাট",
            "রৌমারী",
            "উলিপুর"
          ]
        },
        {
          "name": "লালমনিরহাট",
          "upazilas": [
            "আদিতমারী",
            "হাতীবান্ধা",
            "কালীগঞ্জ",
            "লালমনিরহাট সদর",
            "পাটগ্রাম"
          ]
        },
        {
          "name": "নীলফামারী",
          "upazilas": [
            "ডিমলা",
            "ডোমার",
            "জলঢাকা",
            "কিশোরগঞ্জ",
            "নীলফামারী সদর",
            "সৈয়দপুর"
          ]
        },
        {
          "name": "পঞ্চগড়",
          "upazilas": [
            "আটোয়ারী",
            "বোদা",
            "দেবীগঞ্জ",
            "পঞ্চগড় সদর",
            "তেঁতুলিয়া"
          ]
        },
        {
          "name": "রংপুর",
          "upazilas": [
            "বদরগঞ্জ",
            "গঙ্গাচড়া",
            "কাউনিয়া",
            "রংপুর সদর",
            "মিঠাপুকুর",
            "পীরগাছা",
            "পীরগঞ্জ",
            "তারাগঞ্জ"
          ]
        },
        {
          "name": "ঠাকুরগাঁও",
          "upazilas": [
            "বালিয়াডাঙ্গী",
            "হরিপুর",
            "পীরগঞ্জ",
            "রাণীশংকৈল",
            "ঠাকুরগাঁও সদর"
          ]
        }
      ]
    },
    {
      "name": "সিলেট",
      "districts": [
        {
          "name": "হবিগঞ্জ",
          "upazilas": [
            "আজমিরীগঞ্জ",
            "বাহুবল",
            "বানিয়াচং",
            "চুনারুঘাট",
            "হবিগঞ্জ সদর",
            "লাখাই",
            "মাধবপুর",
            "নবীগঞ্জ",
            "শায়েস্তাগঞ্জ"
          ]
        },
        {
          "name": "মৌলভীবাজার",
          "upazilas": [
            "বড়লেখা",
            "জুড়ী",
            "কমলগঞ্জ",
            "কুলাউড়া",
            "মৌলভীবাজার সদর",
            "রাজনগর",
            "শ্রীমঙ্গল"
          ]
        },
        {
          "name": "সুনামগঞ্জ",
          "upazilas": [
            "বিশ্বম্ভরপুর",
            "ছাতক",
            "দিরাই",
            "ধর্মপাশা",
            "দোয়ারাবাজার",
            "জগন্নাথপুর",
            "জামালগঞ্জ",
            "শাল্লা",
            "সুনামগঞ্জ সদর",
            "তাহিরপুর",
            "মধ্যনগর"
          ]
        },
        {
          "name": "সিলেট",
          "upazilas": [
            "বালাগঞ্জ",
            "বিয়ানীবাজার",
            "বিশ্বনাথ",
            "কোম্পানীগঞ্জ",
            "ফেঞ্চুগঞ্জ",
            "গোলাপগঞ্জ",
            "গোয়াইনঘাট",
            "জৈন্তাপুর",
            "কানাইঘাট",
            "ওসমানীনগর",
            "সিলেট সদর",
            "জকিগঞ্জ",
            "দক্ষিণ সুরমা"
          ]
        }
      ]
    }
  ]
}
